Lunes,Martes,Miercoles,Jueves,Viernes,Sabado,Domingo,Lunes,Martes,Miercoles,Jueves,Viernes,Sabado,Domingo,Lunes,Martes,Miercoles,Jueves,Viernes,Sabado,Domingo,Lunes,Martes,Miercoles,Jueves,Viernes,Sabado,Domingo,Lunes,Martes,Miercoles,Jueves,Viernes,Sabado,Domingo,Lunes,Martes,Miercoles,Jueves,Viernes,Sabado,Domingo,Lunes,Martes,Miercoles,Jueves,Viernes,Sabado,Domingo,Lunes,Martes,Miercoles,Jueves,Viernes,Sabado,Domingo
12,24,14,9,22,7,8,14,19,24,20,13,17,14,19,12,22,7,10,17,22,21,11,12,23,10,19,14,12,12,12,12,12,12,12,8,20,15,10,2,16,21,15,20,12,6,9,18,20,21,20,6,14,7,16,24
79,67,77,82,69,84,83,77,72,67,71,78,74,77,72,79,69,84,81,74,69,70,80,79,68,81,72,77,79,79,79,79,79,79,79,83,71,76,81,89,75,70,83,68,64,80,76,71,72,83,73,80,66,61,89,60
37.76129032,80.23548387,53.09032258,36.76774194,53.90645161,48.93870968,56.60322581,42.09032258,69.41290323,74.73548387,60.57741935,34.42580645,70.58387097,69.59032258,52.91290323,54.26129032,70.40645161,32.43870968,27.93225806,70.58387097,86.90645161,57.24193548,52.09677419,48.76129032,67.07096774,29.3225806,74.91290323,69.59032258,37.76129032,54.26129032,48.76129032,43.26129032,32.26129032,59.76129032,65.26129032,29.10322581,71.57741935,55.25483871,38.93225806,10.61612903,68.41935484,84.74193548,36.55483871,74.87741935,65.26129032,35.77419355,32.36774194,74.9483871,81.47741935,42.94193548,69.37741935,41.27419355,59.69032258,46.73870968,53.01935484,98.93548387
